[{"model": "contenttypes.contenttype", "pk": 1, "fields": {"app_label": "admin", "model": "logentry"}}, {"model": "contenttypes.contenttype", "pk": 2, "fields": {"app_label": "auth", "model": "permission"}}, {"model": "contenttypes.contenttype", "pk": 3, "fields": {"app_label": "auth", "model": "group"}}, {"model": "contenttypes.contenttype", "pk": 4, "fields": {"app_label": "contenttypes", "model": "contenttype"}}, {"model": "contenttypes.contenttype", "pk": 5, "fields": {"app_label": "sessions", "model": "session"}}, {"model": "contenttypes.contenttype", "pk": 6, "fields": {"app_label": "users", "model": "user"}}, {"model": "contenttypes.contenttype", "pk": 7, "fields": {"app_label": "producto", "model": "product"}}, {"model": "contenttypes.contenttype", "pk": 8, "fields": {"app_label": "producto", "model": "provider"}}, {"model": "contenttypes.contenttype", "pk": 9, "fields": {"app_label": "producto", "model": "marca"}}, {"model": "contenttypes.contenttype", "pk": 10, "fields": {"app_label": "venta", "model": "saledetail"}}, {"model": "contenttypes.contenttype", "pk": 11, "fields": {"app_label": "venta", "model": "sale"}}, {"model": "contenttypes.contenttype", "pk": 12, "fields": {"app_label": "caja", "model": "closebox"}}, {"model": "contenttypes.contenttype", "pk": 13, "fields": {"app_label": "caja", "model": "voucher"}}, {"model": "contenttypes.contenttype", "pk": 14, "fields": {"app_label": "venta", "model": "carshop"}}, {"model": "sessions.session", "pk": "1el0w3tq0kt9dcf51wbnamxu6m4cw2rt", "fields": {"session_data": "YzUwYzg2NGU5YzYzMThiNzQ1MWM0M2E0ZTI0ODM0YzczZjc1NDljMzp7Il9hdXRoX3VzZXJfaWQiOiIyIiwiX2F1dGhfdXNlcl9iYWNrZW5kIjoiZGphbmdvLmNvbnRyaWIuYXV0aC5iYWNrZW5kcy5Nb2RlbEJhY2tlbmQiLCJfYXV0aF91c2VyX2hhc2giOiI3MThiZTVmYTE1N2M2NWUwM2VhODk4Y2I1NDIxYzg5ODE4OTUzMDc5In0=", "expire_date": "2020-06-02T23:14:09.017Z"}}, {"model": "sessions.session", "pk": "4sxibt6p4wxmw6cxdq72m52ssa17o55w", "fields": {"session_data": "NjRkMjIxMzMyMDJlY2M2NmYzNjk4MjQxZjcyYzAxNzM5YTdkNzI1NDp7Il9hdXRoX3VzZXJfaWQiOiI0IiwiX2F1dGhfdXNlcl9iYWNrZW5kIjoiZGphbmdvLmNvbnRyaWIuYXV0aC5iYWNrZW5kcy5Nb2RlbEJhY2tlbmQiLCJfYXV0aF91c2VyX2hhc2giOiIzOGY1MjhhZTUzYTg4ODM3MjQzNThhMmQxNzQyOTI5OTVhNjYyMGJjIn0=", "expire_date": "2020-06-09T05:54:01.692Z"}}, {"model": "sessions.session", "pk": "i1mec702rs46zv6ipp6sig0rn8iseyze", "fields": {"session_data": "ZGNiNDI0YzU1MTNlNjhkOWU3NmFhYmExNjliZWFhYjI0ZTY0MjJiNzp7Il9hdXRoX3VzZXJfaWQiOiI1IiwiX2F1dGhfdXNlcl9iYWNrZW5kIjoiZGphbmdvLmNvbnRyaWIuYXV0aC5iYWNrZW5kcy5Nb2RlbEJhY2tlbmQiLCJfYXV0aF91c2VyX2hhc2giOiJlMTA4NGVhYmVmZDZkYTY3OTIyZGI4MjgyMmU4YTViZTA0ZDM1YTA4In0=", "expire_date": "2020-06-05T18:26:09.612Z"}}, {"model": "sessions.session", "pk": "ko8px2qts4gmca3qtg4plc195qiipwm1", "fields": {"session_data": "NjY2M2ZjOWMzNmE1ZmUxNjFjNDY2OTc2MWVhYzJhYmNlODJiMzRkYTp7Il9hdXRoX3VzZXJfaWQiOiIxIiwiX2F1dGhfdXNlcl9iYWNrZW5kIjoiZGphbmdvLmNvbnRyaWIuYXV0aC5iYWNrZW5kcy5Nb2RlbEJhY2tlbmQiLCJfYXV0aF91c2VyX2hhc2giOiI4YTIzMTUyNjY5MmFmOWE5YmRiNDhlZGVkMWMwNmQyN2YyNzc1NTc4In0=", "expire_date": "2020-06-03T15:56:04.207Z"}}, {"model": "sessions.session", "pk": "mdsn5u4nbuwarqes8chfxh29jdf89crh", "fields": {"session_data": "NjRkMjIxMzMyMDJlY2M2NmYzNjk4MjQxZjcyYzAxNzM5YTdkNzI1NDp7Il9hdXRoX3VzZXJfaWQiOiI0IiwiX2F1dGhfdXNlcl9iYWNrZW5kIjoiZGphbmdvLmNvbnRyaWIuYXV0aC5iYWNrZW5kcy5Nb2RlbEJhY2tlbmQiLCJfYXV0aF91c2VyX2hhc2giOiIzOGY1MjhhZTUzYTg4ODM3MjQzNThhMmQxNzQyOTI5OTVhNjYyMGJjIn0=", "expire_date": "2020-06-10T05:34:51.776Z"}}, {"model": "sessions.session", "pk": "n2l6xynwrobwe5758yvr4oijv1vew4xv", "fields": {"session_data": "NjY2M2ZjOWMzNmE1ZmUxNjFjNDY2OTc2MWVhYzJhYmNlODJiMzRkYTp7Il9hdXRoX3VzZXJfaWQiOiIxIiwiX2F1dGhfdXNlcl9iYWNrZW5kIjoiZGphbmdvLmNvbnRyaWIuYXV0aC5iYWNrZW5kcy5Nb2RlbEJhY2tlbmQiLCJfYXV0aF91c2VyX2hhc2giOiI4YTIzMTUyNjY5MmFmOWE5YmRiNDhlZGVkMWMwNmQyN2YyNzc1NTc4In0=", "expire_date": "2020-05-28T15:59:10.809Z"}}, {"model": "producto.marca", "pk": 1, "fields": {"created": "2020-05-13T23:20:36.680Z", "modified": "2020-05-13T23:20:36.680Z", "name": "Gloria"}}, {"model": "producto.marca", "pk": 2, "fields": {"created": "2020-05-14T17:15:38.664Z", "modified": "2020-05-14T17:15:38.664Z", "name": "Sirlac"}}, {"model": "producto.marca", "pk": 3, "fields": {"created": "2020-05-14T17:15:56.644Z", "modified": "2020-05-14T17:15:56.644Z", "name": "Surtido"}}, {"model": "producto.marca", "pk": 4, "fields": {"created": "2020-05-14T17:16:26.848Z", "modified": "2020-05-14T17:16:26.848Z", "name": "Trome"}}, {"model": "producto.provider", "pk": 1, "fields": {"created": "2020-05-13T23:20:02.107Z", "modified": "2020-05-13T23:20:02.107Z", "name": "Bella Olandesa", "email": "bellaolandesa@gmail.com", "phone": "124587", "web": "http://bellao.com"}}, {"model": "producto.provider", "pk": 2, "fields": {"created": "2020-05-13T23:32:54.326Z", "modified": "2020-05-13T23:32:54.326Z", "name": "Gloria", "email": "gloria@gmaiil.com", "phone": "458712", "web": "http://gloria.com"}}, {"model": "producto.provider", "pk": 3, "fields": {"created": "2020-05-14T17:16:42.753Z", "modified": "2020-05-14T17:16:42.753Z", "name": "Alicorp Cusco", "email": null, "phone": "", "web": ""}}, {"model": "producto.provider", "pk": 4, "fields": {"created": "2020-05-14T17:16:54.393Z", "modified": "2020-05-14T17:16:54.393Z", "name": "Distribuidor Surtido", "email": null, "phone": "", "web": ""}}, {"model": "producto.provider", "pk": 5, "fields": {"created": "2020-05-14T17:17:25.868Z", "modified": "2020-05-14T17:17:25.868Z", "name": "Alimentos Cusco SC", "email": null, "phone": "", "web": ""}}, {"model": "producto.product", "pk": 1, "fields": {"created": "2020-05-13T23:21:12.410Z", "modified": "2020-05-13T23:21:12.410Z", "barcode": "751271276733", "name": "Yomost", "provider": 1, "marca": 1, "due_date": "2020-07-21", "description": "", "unit": "2", "count": 3, "purchase_price": "0.60", "sale_price": "1.00", "num_sale": 15, "anulate": false}}, {"model": "producto.product", "pk": 2, "fields": {"created": "2020-05-13T23:33:32.943Z", "modified": "2020-05-16T22:06:16.919Z", "barcode": "751271025072", "name": "Mermelada de fresa Gloria", "provider": 2, "marca": 1, "due_date": "2021-09-16", "description": "", "unit": "2", "count": 85, "purchase_price": "1.30", "sale_price": "2.00", "num_sale": 19, "anulate": false}}, {"model": "producto.product", "pk": 3, "fields": {"created": "2020-05-14T16:47:05.275Z", "modified": "2020-05-14T16:47:05.275Z", "barcode": "702011075291", "name": "Millows", "provider": 1, "marca": 1, "due_date": "2021-05-30", "description": "Magemelos de colores", "unit": "2", "count": 37, "purchase_price": "1.50", "sale_price": "2.30", "num_sale": 14, "anulate": false}}, {"model": "producto.product", "pk": 4, "fields": {"created": "2020-05-14T17:10:08.391Z", "modified": "2020-05-14T17:43:32.066Z", "barcode": "750521000050", "name": "Yogurt Sauco", "provider": 5, "marca": 2, "due_date": "2020-05-28", "description": "Yopgurt natural sabor a sauco", "unit": "1", "count": 10, "purchase_price": "1.00", "sale_price": "2.30", "num_sale": 11, "anulate": false}}, {"model": "venta.saledetail", "pk": 32, "fields": {"created": "2020-05-16T23:27:48.468Z", "modified": "2020-05-16T23:27:48.468Z", "product": 2, "sale": 16, "count": 1, "price_purchase": "1.300", "price_sale": "2.00", "tax": "0.18", "anulate": false}}, {"model": "venta.saledetail", "pk": 33, "fields": {"created": "2020-05-16T23:27:48.472Z", "modified": "2020-05-16T23:27:48.472Z", "product": 4, "sale": 16, "count": 3, "price_purchase": "1.000", "price_sale": "2.30", "tax": "0.18", "anulate": false}}, {"model": "venta.saledetail", "pk": 34, "fields": {"created": "2020-05-17T17:32:07.046Z", "modified": "2020-05-17T17:32:07.046Z", "product": 2, "sale": 17, "count": 1, "price_purchase": "1.300", "price_sale": "2.00", "tax": "0.18", "anulate": false}}, {"model": "venta.saledetail", "pk": 35, "fields": {"created": "2020-05-17T17:32:07.049Z", "modified": "2020-05-17T17:32:07.049Z", "product": 3, "sale": 17, "count": 1, "price_purchase": "1.500", "price_sale": "2.30", "tax": "0.18", "anulate": false}}, {"model": "venta.saledetail", "pk": 36, "fields": {"created": "2020-05-17T17:32:07.053Z", "modified": "2020-05-17T17:32:07.053Z", "product": 4, "sale": 17, "count": 2, "price_purchase": "1.000", "price_sale": "2.30", "tax": "0.18", "anulate": false}}, {"model": "venta.saledetail", "pk": 37, "fields": {"created": "2020-05-17T17:32:17.951Z", "modified": "2020-05-17T17:32:17.951Z", "product": 1, "sale": 18, "count": 2, "price_purchase": "0.600", "price_sale": "1.00", "tax": "0.18", "anulate": false}}, {"model": "venta.saledetail", "pk": 38, "fields": {"created": "2020-05-17T17:32:28.211Z", "modified": "2020-05-17T17:32:28.211Z", "product": 2, "sale": 19, "count": 3, "price_purchase": "1.300", "price_sale": "2.00", "tax": "0.18", "anulate": false}}, {"model": "venta.saledetail", "pk": 39, "fields": {"created": "2020-05-17T17:32:51.250Z", "modified": "2020-05-17T17:32:51.250Z", "product": 1, "sale": 20, "count": 1, "price_purchase": "0.600", "price_sale": "1.00", "tax": "0.18", "anulate": false}}, {"model": "venta.saledetail", "pk": 40, "fields": {"created": "2020-05-17T17:32:51.252Z", "modified": "2020-05-17T17:32:51.252Z", "product": 2, "sale": 20, "count": 1, "price_purchase": "1.300", "price_sale": "2.00", "tax": "0.18", "anulate": false}}, {"model": "venta.saledetail", "pk": 41, "fields": {"created": "2020-05-17T17:32:51.256Z", "modified": "2020-05-17T17:32:51.256Z", "product": 3, "sale": 20, "count": 1, "price_purchase": "1.500", "price_sale": "2.30", "tax": "0.18", "anulate": false}}, {"model": "venta.saledetail", "pk": 42, "fields": {"created": "2020-05-17T17:32:51.262Z", "modified": "2020-05-17T17:32:51.262Z", "product": 4, "sale": 20, "count": 1, "price_purchase": "1.000", "price_sale": "2.30", "tax": "0.18", "anulate": false}}, {"model": "venta.saledetail", "pk": 43, "fields": {"created": "2020-05-18T23:36:33.849Z", "modified": "2020-05-18T23:36:33.849Z", "product": 1, "sale": 21, "count": 4, "price_purchase": "0.600", "price_sale": "1.00", "tax": "0.18", "anulate": false}}, {"model": "venta.saledetail", "pk": 44, "fields": {"created": "2020-05-18T23:36:33.852Z", "modified": "2020-05-18T23:36:33.852Z", "product": 2, "sale": 21, "count": 4, "price_purchase": "1.300", "price_sale": "2.00", "tax": "0.18", "anulate": false}}, {"model": "venta.saledetail", "pk": 45, "fields": {"created": "2020-05-18T23:36:33.854Z", "modified": "2020-05-18T23:36:33.854Z", "product": 3, "sale": 21, "count": 1, "price_purchase": "1.500", "price_sale": "2.30", "tax": "0.18", "anulate": false}}, {"model": "venta.saledetail", "pk": 46, "fields": {"created": "2020-05-18T23:36:33.859Z", "modified": "2020-05-18T23:36:33.859Z", "product": 4, "sale": 21, "count": 1, "price_purchase": "1.000", "price_sale": "2.30", "tax": "0.18", "anulate": false}}, {"model": "venta.saledetail", "pk": 47, "fields": {"created": "2020-05-19T17:59:21.520Z", "modified": "2020-05-19T17:59:21.520Z", "product": 2, "sale": 22, "count": 1, "price_purchase": "1.300", "price_sale": "2.00", "tax": "0.18", "anulate": false}}, {"model": "venta.saledetail", "pk": 48, "fields": {"created": "2020-05-19T17:59:21.521Z", "modified": "2020-05-19T17:59:21.521Z", "product": 3, "sale": 22, "count": 3, "price_purchase": "1.500", "price_sale": "2.30", "tax": "0.18", "anulate": false}}, {"model": "venta.saledetail", "pk": 49, "fields": {"created": "2020-05-19T17:59:21.522Z", "modified": "2020-05-19T17:59:21.522Z", "product": 4, "sale": 22, "count": 1, "price_purchase": "1.000", "price_sale": "2.30", "tax": "0.18", "anulate": false}}, {"model": "venta.saledetail", "pk": 50, "fields": {"created": "2020-05-21T15:16:12.620Z", "modified": "2020-05-21T15:16:12.620Z", "product": 1, "sale": 23, "count": 1, "price_purchase": "0.600", "price_sale": "1.00", "tax": "0.18", "anulate": false}}, {"model": "venta.saledetail", "pk": 51, "fields": {"created": "2020-05-21T15:16:12.622Z", "modified": "2020-05-21T15:16:12.622Z", "product": 2, "sale": 23, "count": 1, "price_purchase": "1.300", "price_sale": "2.00", "tax": "0.18", "anulate": false}}, {"model": "venta.saledetail", "pk": 52, "fields": {"created": "2020-05-21T15:16:12.623Z", "modified": "2020-05-21T15:16:12.623Z", "product": 3, "sale": 23, "count": 1, "price_purchase": "1.500", "price_sale": "2.30", "tax": "0.18", "anulate": false}}, {"model": "venta.saledetail", "pk": 53, "fields": {"created": "2020-05-21T15:16:54.457Z", "modified": "2020-05-21T15:16:54.457Z", "product": 2, "sale": 24, "count": 4, "price_purchase": "1.300", "price_sale": "2.00", "tax": "0.18", "anulate": false}}, {"model": "venta.saledetail", "pk": 54, "fields": {"created": "2020-05-21T15:17:16.465Z", "modified": "2020-05-21T15:17:16.465Z", "product": 3, "sale": 25, "count": 2, "price_purchase": "1.500", "price_sale": "2.30", "tax": "0.18", "anulate": false}}, {"model": "venta.saledetail", "pk": 55, "fields": {"created": "2020-05-21T15:17:16.468Z", "modified": "2020-05-21T15:17:16.468Z", "product": 1, "sale": 25, "count": 1, "price_purchase": "0.600", "price_sale": "1.00", "tax": "0.18", "anulate": false}}, {"model": "venta.saledetail", "pk": 56, "fields": {"created": "2020-05-21T16:29:01.348Z", "modified": "2020-05-21T16:29:01.348Z", "product": 3, "sale": 26, "count": 1, "price_purchase": "1.500", "price_sale": "2.30", "tax": "0.18", "anulate": false}}, {"model": "venta.saledetail", "pk": 57, "fields": {"created": "2020-05-21T16:29:01.349Z", "modified": "2020-05-21T16:29:01.349Z", "product": 4, "sale": 26, "count": 2, "price_purchase": "1.000", "price_sale": "2.30", "tax": "0.18", "anulate": false}}, {"model": "venta.saledetail", "pk": 58, "fields": {"created": "2020-05-21T16:29:18.785Z", "modified": "2020-05-21T16:29:18.785Z", "product": 1, "sale": 27, "count": 4, "price_purchase": "0.600", "price_sale": "1.00", "tax": "0.18", "anulate": false}}, {"model": "venta.saledetail", "pk": 59, "fields": {"created": "2020-05-21T16:29:18.787Z", "modified": "2020-05-21T16:29:18.787Z", "product": 4, "sale": 27, "count": 1, "price_purchase": "1.000", "price_sale": "2.30", "tax": "0.18", "anulate": false}}, {"model": "venta.saledetail", "pk": 60, "fields": {"created": "2020-05-21T16:29:26.046Z", "modified": "2020-05-21T16:29:26.046Z", "product": 4, "sale": 28, "count": 1, "price_purchase": "1.000", "price_sale": "2.30", "tax": "0.18", "anulate": false}}, {"model": "venta.saledetail", "pk": 61, "fields": {"created": "2020-05-21T16:29:46.142Z", "modified": "2020-05-21T16:29:46.142Z", "product": 1, "sale": 29, "count": 2, "price_purchase": "0.600", "price_sale": "1.00", "tax": "0.18", "anulate": false}}, {"model": "venta.saledetail", "pk": 62, "fields": {"created": "2020-05-21T16:29:46.144Z", "modified": "2020-05-21T16:29:46.144Z", "product": 2, "sale": 29, "count": 1, "price_purchase": "1.300", "price_sale": "2.00", "tax": "0.18", "anulate": false}}, {"model": "venta.saledetail", "pk": 63, "fields": {"created": "2020-05-21T16:29:46.145Z", "modified": "2020-05-21T16:29:46.145Z", "product": 3, "sale": 29, "count": 1, "price_purchase": "1.500", "price_sale": "2.30", "tax": "0.18", "anulate": false}}, {"model": "venta.saledetail", "pk": 64, "fields": {"created": "2020-05-26T05:49:20.580Z", "modified": "2020-05-26T05:49:20.580Z", "product": 2, "sale": 30, "count": 3, "price_purchase": "1.300", "price_sale": "2.00", "tax": "0.18", "anulate": false}}, {"model": "venta.saledetail", "pk": 65, "fields": {"created": "2020-05-26T05:49:20.583Z", "modified": "2020-05-26T05:49:20.583Z", "product": 3, "sale": 30, "count": 1, "price_purchase": "1.500", "price_sale": "2.30", "tax": "0.18", "anulate": false}}, {"model": "venta.saledetail", "pk": 66, "fields": {"created": "2020-05-26T05:49:20.585Z", "modified": "2020-05-26T05:49:20.585Z", "product": 4, "sale": 30, "count": 1, "price_purchase": "1.000", "price_sale": "2.30", "tax": "0.18", "anulate": false}}, {"model": "venta.carshop", "pk": 58, "fields": {"created": "2020-05-26T05:58:18.328Z", "modified": "2020-05-26T05:58:18.328Z", "barcode": "750521000050", "product": 4, "count": 1}}, {"model": "venta.carshop", "pk": 59, "fields": {"created": "2020-05-26T06:00:38.804Z", "modified": "2020-05-26T06:00:38.804Z", "barcode": "751271025072", "product": 2, "count": 1}}, {"model": "auth.permission", "pk": 1, "fields": {"name": "Can add log entry", "content_type": 1, "codename": "add_logentry"}}, {"model": "auth.permission", "pk": 2, "fields": {"name": "Can change log entry", "content_type": 1, "codename": "change_logentry"}}, {"model": "auth.permission", "pk": 3, "fields": {"name": "Can delete log entry", "content_type": 1, "codename": "delete_logentry"}}, {"model": "auth.permission", "pk": 4, "fields": {"name": "Can view log entry", "content_type": 1, "codename": "view_logentry"}}, {"model": "auth.permission", "pk": 5, "fields": {"name": "Can add permission", "content_type": 2, "codename": "add_permission"}}, {"model": "auth.permission", "pk": 6, "fields": {"name": "Can change permission", "content_type": 2, "codename": "change_permission"}}, {"model": "auth.permission", "pk": 7, "fields": {"name": "Can delete permission", "content_type": 2, "codename": "delete_permission"}}, {"model": "auth.permission", "pk": 8, "fields": {"name": "Can view permission", "content_type": 2, "codename": "view_permission"}}, {"model": "auth.permission", "pk": 9, "fields": {"name": "Can add group", "content_type": 3, "codename": "add_group"}}, {"model": "auth.permission", "pk": 10, "fields": {"name": "Can change group", "content_type": 3, "codename": "change_group"}}, {"model": "auth.permission", "pk": 11, "fields": {"name": "Can delete group", "content_type": 3, "codename": "delete_group"}}, {"model": "auth.permission", "pk": 12, "fields": {"name": "Can view group", "content_type": 3, "codename": "view_group"}}, {"model": "auth.permission", "pk": 13, "fields": {"name": "Can add content type", "content_type": 4, "codename": "add_contenttype"}}, {"model": "auth.permission", "pk": 14, "fields": {"name": "Can change content type", "content_type": 4, "codename": "change_contenttype"}}, {"model": "auth.permission", "pk": 15, "fields": {"name": "Can delete content type", "content_type": 4, "codename": "delete_contenttype"}}, {"model": "auth.permission", "pk": 16, "fields": {"name": "Can view content type", "content_type": 4, "codename": "view_contenttype"}}, {"model": "auth.permission", "pk": 17, "fields": {"name": "Can add session", "content_type": 5, "codename": "add_session"}}, {"model": "auth.permission", "pk": 18, "fields": {"name": "Can change session", "content_type": 5, "codename": "change_session"}}, {"model": "auth.permission", "pk": 19, "fields": {"name": "Can delete session", "content_type": 5, "codename": "delete_session"}}, {"model": "auth.permission", "pk": 20, "fields": {"name": "Can view session", "content_type": 5, "codename": "view_session"}}, {"model": "auth.permission", "pk": 21, "fields": {"name": "Can add user", "content_type": 6, "codename": "add_user"}}, {"model": "auth.permission", "pk": 22, "fields": {"name": "Can change user", "content_type": 6, "codename": "change_user"}}, {"model": "auth.permission", "pk": 23, "fields": {"name": "Can delete user", "content_type": 6, "codename": "delete_user"}}, {"model": "auth.permission", "pk": 24, "fields": {"name": "Can view user", "content_type": 6, "codename": "view_user"}}, {"model": "auth.permission", "pk": 25, "fields": {"name": "Can add Producto", "content_type": 7, "codename": "add_product"}}, {"model": "auth.permission", "pk": 26, "fields": {"name": "Can change Producto", "content_type": 7, "codename": "change_product"}}, {"model": "auth.permission", "pk": 27, "fields": {"name": "Can delete Producto", "content_type": 7, "codename": "delete_product"}}, {"model": "auth.permission", "pk": 28, "fields": {"name": "Can view Producto", "content_type": 7, "codename": "view_product"}}, {"model": "auth.permission", "pk": 29, "fields": {"name": "Can add Proveedor", "content_type": 8, "codename": "add_provider"}}, {"model": "auth.permission", "pk": 30, "fields": {"name": "Can change Proveedor", "content_type": 8, "codename": "change_provider"}}, {"model": "auth.permission", "pk": 31, "fields": {"name": "Can delete Proveedor", "content_type": 8, "codename": "delete_provider"}}, {"model": "auth.permission", "pk": 32, "fields": {"name": "Can view Proveedor", "content_type": 8, "codename": "view_provider"}}, {"model": "auth.permission", "pk": 33, "fields": {"name": "Can add Marca", "content_type": 9, "codename": "add_marca"}}, {"model": "auth.permission", "pk": 34, "fields": {"name": "Can change Marca", "content_type": 9, "codename": "change_marca"}}, {"model": "auth.permission", "pk": 35, "fields": {"name": "Can delete Marca", "content_type": 9, "codename": "delete_marca"}}, {"model": "auth.permission", "pk": 36, "fields": {"name": "Can view Marca", "content_type": 9, "codename": "view_marca"}}, {"model": "auth.permission", "pk": 37, "fields": {"name": "Can add Producto Vendido", "content_type": 10, "codename": "add_saledetail"}}, {"model": "auth.permission", "pk": 38, "fields": {"name": "Can change Producto Vendido", "content_type": 10, "codename": "change_saledetail"}}, {"model": "auth.permission", "pk": 39, "fields": {"name": "Can delete Producto Vendido", "content_type": 10, "codename": "delete_saledetail"}}, {"model": "auth.permission", "pk": 40, "fields": {"name": "Can view Producto Vendido", "content_type": 10, "codename": "view_saledetail"}}, {"model": "auth.permission", "pk": 41, "fields": {"name": "Can add Venta", "content_type": 11, "codename": "add_sale"}}, {"model": "auth.permission", "pk": 42, "fields": {"name": "Can change Venta", "content_type": 11, "codename": "change_sale"}}, {"model": "auth.permission", "pk": 43, "fields": {"name": "Can delete Venta", "content_type": 11, "codename": "delete_sale"}}, {"model": "auth.permission", "pk": 44, "fields": {"name": "Can view Venta", "content_type": 11, "codename": "view_sale"}}, {"model": "auth.permission", "pk": 45, "fields": {"name": "Can add Cierre Caja", "content_type": 12, "codename": "add_closebox"}}, {"model": "auth.permission", "pk": 46, "fields": {"name": "Can change Cierre Caja", "content_type": 12, "codename": "change_closebox"}}, {"model": "auth.permission", "pk": 47, "fields": {"name": "Can delete Cierre Caja", "content_type": 12, "codename": "delete_closebox"}}, {"model": "auth.permission", "pk": 48, "fields": {"name": "Can view Cierre Caja", "content_type": 12, "codename": "view_closebox"}}, {"model": "auth.permission", "pk": 49, "fields": {"name": "Can add Comprobante Emitida", "content_type": 13, "codename": "add_voucher"}}, {"model": "auth.permission", "pk": 50, "fields": {"name": "Can change Comprobante Emitida", "content_type": 13, "codename": "change_voucher"}}, {"model": "auth.permission", "pk": 51, "fields": {"name": "Can delete Comprobante Emitida", "content_type": 13, "codename": "delete_voucher"}}, {"model": "auth.permission", "pk": 52, "fields": {"name": "Can view Comprobante Emitida", "content_type": 13, "codename": "view_voucher"}}, {"model": "auth.permission", "pk": 53, "fields": {"name": "Can add Carrito de compras", "content_type": 14, "codename": "add_carshop"}}, {"model": "auth.permission", "pk": 54, "fields": {"name": "Can change Carrito de compras", "content_type": 14, "codename": "change_carshop"}}, {"model": "auth.permission", "pk": 55, "fields": {"name": "Can delete Carrito de compras", "content_type": 14, "codename": "delete_carshop"}}, {"model": "auth.permission", "pk": 56, "fields": {"name": "Can view Carrito de compras", "content_type": 14, "codename": "view_carshop"}}, {"model": "users.user", "pk": 1, "fields": {"password": "pbkdf2_sha256$180000$QE8kss7YrhIX$nJ9f9cc47x5+DGdbqOiyJ8bIlyHdaftcAv8+Ksngcgc=", "last_login": "2020-05-22T17:49:57.477Z", "is_superuser": true, "email": "neunapp@gmail.com", "full_name": "neunapp", "ocupation": "", "genero": "", "date_birth": null, "is_staff": true, "is_active": true, "groups": [], "user_permissions": []}}, {"model": "users.user", "pk": 2, "fields": {"password": "pbkdf2_sha256$180000$UesYgUaukqvQ$CtkdhJj+Xsga5LS/DEB4ETxpTVydCDFRVR8rBw0yJ58=", "last_login": "2020-05-22T17:52:19.361Z", "is_superuser": false, "email": "almacen@gmail.com", "full_name": "Eren Jaeger", "ocupation": "1", "genero": "M", "date_birth": "2001-05-16", "is_staff": false, "is_active": true, "groups": [], "user_permissions": []}}, {"model": "users.user", "pk": 4, "fields": {"password": "pbkdf2_sha256$180000$1BnZcUOPOItN$ZXmDrx79G0NrOvx0N9AMal9DWBk8Lukq3tv1XaTH1iM=", "last_login": "2020-05-27T05:34:51.663Z", "is_superuser": false, "email": "admin@gmail.com", "full_name": "Armint Alert", "ocupation": "0", "genero": "M", "date_birth": "2001-01-01", "is_staff": false, "is_active": true, "groups": [], "user_permissions": []}}, {"model": "users.user", "pk": 5, "fields": {"password": "pbkdf2_sha256$180000$d2MuCv4YpttY$Z4fRnQ2Bvx9zC/j6E85zImhBI2xB955d6bE7Asy6Fas=", "last_login": "2020-05-26T05:51:58.467Z", "is_superuser": false, "email": "ventas@gmail.com", "full_name": "Hanji Zoe", "ocupation": "2", "genero": "F", "date_birth": "1990-03-02", "is_staff": false, "is_active": true, "groups": [], "user_permissions": []}}, {"model": "venta.sale", "pk": 16, "fields": {"created": "2020-05-16T23:27:48.436Z", "modified": "2020-05-21T16:30:21.822Z", "date_sale": "2020-01-01T23:27:48Z", "count": 4, "amount": "8.90", "type_invoce": "2", "type_payment": "1", "close": true, "anulate": true, "user": 1}}, {"model": "venta.sale", "pk": 17, "fields": {"created": "2020-05-17T17:32:07.000Z", "modified": "2020-05-21T16:30:27.784Z", "date_sale": "2020-01-17T17:32:07Z", "count": 4, "amount": "8.90", "type_invoce": "2", "type_payment": "1", "close": true, "anulate": false, "user": 1}}, {"model": "venta.sale", "pk": 18, "fields": {"created": "2020-05-17T17:32:17.915Z", "modified": "2020-05-21T16:30:45.909Z", "date_sale": "2020-02-17T17:32:17Z", "count": 2, "amount": "2.00", "type_invoce": "2", "type_payment": "1", "close": true, "anulate": false, "user": 1}}, {"model": "venta.sale", "pk": 19, "fields": {"created": "2020-05-17T17:32:28.191Z", "modified": "2020-05-21T16:30:50.162Z", "date_sale": "2020-02-17T17:32:28Z", "count": 3, "amount": "6.00", "type_invoce": "2", "type_payment": "1", "close": true, "anulate": false, "user": 1}}, {"model": "venta.sale", "pk": 20, "fields": {"created": "2020-05-17T17:32:51.194Z", "modified": "2020-05-21T16:30:54.447Z", "date_sale": "2020-02-17T17:32:51Z", "count": 4, "amount": "7.60", "type_invoce": "2", "type_payment": "1", "close": true, "anulate": false, "user": 1}}, {"model": "venta.sale", "pk": 21, "fields": {"created": "2020-05-18T23:36:33.814Z", "modified": "2020-05-21T16:31:07.376Z", "date_sale": "2020-03-18T23:36:33Z", "count": 10, "amount": "16.60", "type_invoce": "2", "type_payment": "1", "close": true, "anulate": false, "user": 1}}, {"model": "venta.sale", "pk": 22, "fields": {"created": "2020-05-19T17:59:21.452Z", "modified": "2020-05-21T16:31:12.697Z", "date_sale": "2020-03-19T17:59:21Z", "count": 5, "amount": "11.20", "type_invoce": "2", "type_payment": "1", "close": true, "anulate": false, "user": 1}}, {"model": "venta.sale", "pk": 23, "fields": {"created": "2020-05-21T15:16:12.541Z", "modified": "2020-05-21T16:31:17.570Z", "date_sale": "2020-03-21T15:16:12Z", "count": 3, "amount": "5.30", "type_invoce": "2", "type_payment": "1", "close": true, "anulate": false, "user": 1}}, {"model": "venta.sale", "pk": 24, "fields": {"created": "2020-05-21T15:16:54.431Z", "modified": "2020-05-21T16:31:28.854Z", "date_sale": "2020-04-21T15:16:54Z", "count": 4, "amount": "8.00", "type_invoce": "2", "type_payment": "1", "close": true, "anulate": false, "user": 1}}, {"model": "venta.sale", "pk": 25, "fields": {"created": "2020-05-21T15:17:16.435Z", "modified": "2020-05-21T16:31:44.199Z", "date_sale": "2020-04-16T15:17:16Z", "count": 3, "amount": "5.60", "type_invoce": "1", "type_payment": "0", "close": true, "anulate": false, "user": 1}}, {"model": "venta.sale", "pk": 26, "fields": {"created": "2020-05-21T16:29:01.318Z", "modified": "2020-05-21T16:29:01.349Z", "date_sale": "2020-05-21T16:29:01.318Z", "count": 3, "amount": "6.90", "type_invoce": "2", "type_payment": "1", "close": true, "anulate": false, "user": 1}}, {"model": "venta.sale", "pk": 27, "fields": {"created": "2020-05-21T16:29:18.758Z", "modified": "2020-05-21T16:29:18.787Z", "date_sale": "2020-05-21T16:29:18.757Z", "count": 5, "amount": "6.30", "type_invoce": "2", "type_payment": "1", "close": true, "anulate": false, "user": 1}}, {"model": "venta.sale", "pk": 28, "fields": {"created": "2020-05-21T16:29:26.032Z", "modified": "2020-05-21T16:29:26.046Z", "date_sale": "2020-05-21T16:29:26.032Z", "count": 1, "amount": "2.30", "type_invoce": "2", "type_payment": "1", "close": true, "anulate": false, "user": 1}}, {"model": "venta.sale", "pk": 29, "fields": {"created": "2020-05-21T16:29:46.091Z", "modified": "2020-05-21T16:29:46.145Z", "date_sale": "2020-05-21T16:29:46.091Z", "count": 4, "amount": "6.30", "type_invoce": "2", "type_payment": "1", "close": true, "anulate": false, "user": 1}}, {"model": "venta.sale", "pk": 30, "fields": {"created": "2020-05-26T05:49:20.496Z", "modified": "2020-05-26T05:49:20.585Z", "date_sale": "2020-05-26T05:49:20.495Z", "count": 5, "amount": "10.60", "type_invoce": "2", "type_payment": "1", "close": false, "anulate": false, "user": 4}}, {"model": "caja.closebox", "pk": 1, "fields": {"created": "2020-05-18T23:51:19.984Z", "modified": "2020-05-18T23:51:19.984Z", "date_close": "2020-05-18T23:51:19.984Z", "count": 6, "amount": "0.00", "user": 1}}, {"model": "caja.closebox", "pk": 2, "fields": {"created": "2020-05-18T23:51:56.670Z", "modified": "2020-05-18T23:51:56.670Z", "date_close": "2020-05-18T23:51:56.670Z", "count": 6, "amount": "0.00", "user": 1}}, {"model": "caja.closebox", "pk": 3, "fields": {"created": "2020-05-18T23:54:42.945Z", "modified": "2020-05-18T23:54:42.945Z", "date_close": "2020-05-18T23:54:42.945Z", "count": 4, "amount": "0.00", "user": 1}}, {"model": "caja.closebox", "pk": 6, "fields": {"created": "2020-05-19T00:04:25.860Z", "modified": "2020-05-19T00:04:25.860Z", "date_close": "2020-05-19T00:04:25.860Z", "count": 3, "amount": "30.20", "user": 1}}, {"model": "caja.closebox", "pk": 7, "fields": {"created": "2020-05-19T17:59:41.797Z", "modified": "2020-05-19T17:59:41.797Z", "date_close": "2020-05-19T17:59:41.797Z", "count": 1, "amount": "11.20", "user": 1}}, {"model": "caja.closebox", "pk": 8, "fields": {"created": "2020-05-21T23:25:26.798Z", "modified": "2020-05-21T23:25:26.798Z", "date_close": "2020-05-21T23:25:26.798Z", "count": 7, "amount": "40.70", "user": 1}}, {"model": "admin.logentry", "pk": 1, "fields": {"action_time": "2020-05-13T23:20:02.230Z", "user": 1, "content_type": 8, "object_id": "1", "object_repr": "Bella Olandesa", "action_flag": 1, "change_message": "[{\"added\": {}}]"}}, {"model": "admin.logentry", "pk": 2, "fields": {"action_time": "2020-05-13T23:20:36.681Z", "user": 1, "content_type": 9, "object_id": "1", "object_repr": "Gloria", "action_flag": 1, "change_message": "[{\"added\": {}}]"}}, {"model": "admin.logentry", "pk": 3, "fields": {"action_time": "2020-05-13T23:21:12.457Z", "user": 1, "content_type": 7, "object_id": "1", "object_repr": "Yomost", "action_flag": 1, "change_message": "[{\"added\": {}}]"}}, {"model": "admin.logentry", "pk": 4, "fields": {"action_time": "2020-05-13T23:32:54.431Z", "user": 1, "content_type": 8, "object_id": "2", "object_repr": "Gloria", "action_flag": 1, "change_message": "[{\"added\": {}}]"}}, {"model": "admin.logentry", "pk": 5, "fields": {"action_time": "2020-05-13T23:33:32.955Z", "user": 1, "content_type": 7, "object_id": "2", "object_repr": "Mermelada de fresa Gloria", "action_flag": 1, "change_message": "[{\"added\": {}}]"}}, {"model": "admin.logentry", "pk": 6, "fields": {"action_time": "2020-05-14T17:15:38.686Z", "user": 1, "content_type": 9, "object_id": "2", "object_repr": "Sirlac", "action_flag": 1, "change_message": "[{\"added\": {}}]"}}, {"model": "admin.logentry", "pk": 7, "fields": {"action_time": "2020-05-14T17:15:56.645Z", "user": 1, "content_type": 9, "object_id": "3", "object_repr": "Surtido", "action_flag": 1, "change_message": "[{\"added\": {}}]"}}, {"model": "admin.logentry", "pk": 8, "fields": {"action_time": "2020-05-14T17:16:26.849Z", "user": 1, "content_type": 9, "object_id": "4", "object_repr": "Trome", "action_flag": 1, "change_message": "[{\"added\": {}}]"}}, {"model": "admin.logentry", "pk": 9, "fields": {"action_time": "2020-05-14T17:16:42.771Z", "user": 1, "content_type": 8, "object_id": "3", "object_repr": "Alicorp Cusco", "action_flag": 1, "change_message": "[{\"added\": {}}]"}}, {"model": "admin.logentry", "pk": 10, "fields": {"action_time": "2020-05-14T17:16:54.395Z", "user": 1, "content_type": 8, "object_id": "4", "object_repr": "Distribuidor Surtido", "action_flag": 1, "change_message": "[{\"added\": {}}]"}}, {"model": "admin.logentry", "pk": 11, "fields": {"action_time": "2020-05-14T17:17:25.870Z", "user": 1, "content_type": 8, "object_id": "5", "object_repr": "Alimentos Cusco SC", "action_flag": 1, "change_message": "[{\"added\": {}}]"}}, {"model": "admin.logentry", "pk": 12, "fields": {"action_time": "2020-05-14T21:36:40.861Z", "user": 1, "content_type": 11, "object_id": "1", "object_repr": "N\u00ba [1] - 2020-05-01 21:35:46+00:00", "action_flag": 1, "change_message": "[{\"added\": {}}]"}}, {"model": "admin.logentry", "pk": 13, "fields": {"action_time": "2020-05-14T21:36:59.213Z", "user": 1, "content_type": 11, "object_id": "2", "object_repr": "N\u00ba [2] - 2020-05-14 21:36:46+00:00", "action_flag": 1, "change_message": "[{\"added\": {}}]"}}, {"model": "admin.logentry", "pk": 14, "fields": {"action_time": "2020-05-14T21:37:39.687Z", "user": 1, "content_type": 10, "object_id": "1", "object_repr": "1 - Mermelada de fresa Gloria", "action_flag": 1, "change_message": "[{\"added\": {}}]"}}, {"model": "admin.logentry", "pk": 15, "fields": {"action_time": "2020-05-14T21:37:54.957Z", "user": 1, "content_type": 10, "object_id": "2", "object_repr": "1 - Mermelada de fresa Gloria", "action_flag": 1, "change_message": "[{\"added\": {}}]"}}, {"model": "admin.logentry", "pk": 16, "fields": {"action_time": "2020-05-14T21:38:11.517Z", "user": 1, "content_type": 10, "object_id": "3", "object_repr": "1 - Mermelada de fresa Gloria", "action_flag": 1, "change_message": "[{\"added\": {}}]"}}, {"model": "admin.logentry", "pk": 17, "fields": {"action_time": "2020-05-14T21:38:40.471Z", "user": 1, "content_type": 10, "object_id": "4", "object_repr": "2 - Mermelada de fresa Gloria", "action_flag": 1, "change_message": "[{\"added\": {}}]"}}, {"model": "admin.logentry", "pk": 18, "fields": {"action_time": "2020-05-14T21:39:13.365Z", "user": 1, "content_type": 10, "object_id": "5", "object_repr": "2 - Mermelada de fresa Gloria", "action_flag": 1, "change_message": "[{\"added\": {}}]"}}, {"model": "admin.logentry", "pk": 19, "fields": {"action_time": "2020-05-14T21:39:35.696Z", "user": 1, "content_type": 10, "object_id": "6", "object_repr": "2 - Mermelada de fresa Gloria", "action_flag": 1, "change_message": "[{\"added\": {}}]"}}, {"model": "admin.logentry", "pk": 20, "fields": {"action_time": "2020-05-15T18:25:40.922Z", "user": 1, "content_type": 11, "object_id": "4", "object_repr": "N\u00ba [4] - 2020-05-15 18:25:12.435106+00:00", "action_flag": 3, "change_message": ""}}, {"model": "admin.logentry", "pk": 21, "fields": {"action_time": "2020-05-15T18:25:40.963Z", "user": 1, "content_type": 11, "object_id": "3", "object_repr": "N\u00ba [3] - 2020-05-15 18:23:44.599725+00:00", "action_flag": 3, "change_message": ""}}, {"model": "admin.logentry", "pk": 22, "fields": {"action_time": "2020-05-15T18:27:13.898Z", "user": 1, "content_type": 11, "object_id": "5", "object_repr": "N\u00ba [5] - 2020-05-15 18:26:05.853199+00:00", "action_flag": 3, "change_message": ""}}, {"model": "admin.logentry", "pk": 23, "fields": {"action_time": "2020-05-16T22:06:16.921Z", "user": 1, "content_type": 10, "object_id": "31", "object_repr": "2 - Mermelada de fresa Gloria", "action_flag": 1, "change_message": "[{\"added\": {}}]"}}, {"model": "admin.logentry", "pk": 24, "fields": {"action_time": "2020-05-16T23:26:33.910Z", "user": 1, "content_type": 11, "object_id": "15", "object_repr": "N\u00ba [15] - 2020-05-16 17:53:13.096306+00:00", "action_flag": 3, "change_message": ""}}, {"model": "admin.logentry", "pk": 25, "fields": {"action_time": "2020-05-16T23:26:33.922Z", "user": 1, "content_type": 11, "object_id": "14", "object_repr": "N\u00ba [14] - 2020-05-16 17:38:47.714258+00:00", "action_flag": 3, "change_message": ""}}, {"model": "admin.logentry", "pk": 26, "fields": {"action_time": "2020-05-16T23:26:33.935Z", "user": 1, "content_type": 11, "object_id": "13", "object_repr": "N\u00ba [13] - 2020-05-16 17:37:10.032640+00:00", "action_flag": 3, "change_message": ""}}, {"model": "admin.logentry", "pk": 27, "fields": {"action_time": "2020-05-16T23:26:33.944Z", "user": 1, "content_type": 11, "object_id": "12", "object_repr": "N\u00ba [12] - 2020-05-16 16:38:01.036102+00:00", "action_flag": 3, "change_message": ""}}, {"model": "admin.logentry", "pk": 28, "fields": {"action_time": "2020-05-16T23:26:33.955Z", "user": 1, "content_type": 11, "object_id": "11", "object_repr": "N\u00ba [11] - 2020-05-15 22:52:07.851998+00:00", "action_flag": 3, "change_message": ""}}, {"model": "admin.logentry", "pk": 29, "fields": {"action_time": "2020-05-16T23:26:33.967Z", "user": 1, "content_type": 11, "object_id": "10", "object_repr": "N\u00ba [10] - 2020-05-15 22:49:21.776430+00:00", "action_flag": 3, "change_message": ""}}, {"model": "admin.logentry", "pk": 30, "fields": {"action_time": "2020-05-16T23:26:33.977Z", "user": 1, "content_type": 11, "object_id": "9", "object_repr": "N\u00ba [9] - 2020-05-15 21:32:51.329596+00:00", "action_flag": 3, "change_message": ""}}, {"model": "admin.logentry", "pk": 31, "fields": {"action_time": "2020-05-16T23:26:33.988Z", "user": 1, "content_type": 11, "object_id": "8", "object_repr": "N\u00ba [8] - 2020-05-15 21:27:00.802242+00:00", "action_flag": 3, "change_message": ""}}, {"model": "admin.logentry", "pk": 32, "fields": {"action_time": "2020-05-16T23:26:34.000Z", "user": 1, "content_type": 11, "object_id": "7", "object_repr": "N\u00ba [7] - 2020-05-15 21:23:16.794741+00:00", "action_flag": 3, "change_message": ""}}, {"model": "admin.logentry", "pk": 33, "fields": {"action_time": "2020-05-16T23:26:34.012Z", "user": 1, "content_type": 11, "object_id": "6", "object_repr": "N\u00ba [6] - 2020-05-15 18:27:30.627040+00:00", "action_flag": 3, "change_message": ""}}, {"model": "admin.logentry", "pk": 34, "fields": {"action_time": "2020-05-16T23:26:34.023Z", "user": 1, "content_type": 11, "object_id": "2", "object_repr": "N\u00ba [2] - 2020-05-14 21:36:46+00:00", "action_flag": 3, "change_message": ""}}, {"model": "admin.logentry", "pk": 35, "fields": {"action_time": "2020-05-16T23:26:34.035Z", "user": 1, "content_type": 11, "object_id": "1", "object_repr": "N\u00ba [1] - 2020-05-01 21:35:46+00:00", "action_flag": 3, "change_message": ""}}, {"model": "admin.logentry", "pk": 36, "fields": {"action_time": "2020-05-18T23:54:15.563Z", "user": 1, "content_type": 11, "object_id": "21", "object_repr": "N\u00ba [21] - 2020-05-18 23:36:33+00:00", "action_flag": 2, "change_message": "[{\"changed\": {\"fields\": [\"Venta cerrada\"]}}]"}}, {"model": "admin.logentry", "pk": 37, "fields": {"action_time": "2020-05-18T23:54:18.677Z", "user": 1, "content_type": 11, "object_id": "20", "object_repr": "N\u00ba [20] - 2020-05-17 17:32:51+00:00", "action_flag": 2, "change_message": "[{\"changed\": {\"fields\": [\"Venta cerrada\"]}}]"}}, {"model": "admin.logentry", "pk": 38, "fields": {"action_time": "2020-05-18T23:54:22.375Z", "user": 1, "content_type": 11, "object_id": "19", "object_repr": "N\u00ba [19] - 2020-05-17 17:32:28+00:00", "action_flag": 2, "change_message": "[{\"changed\": {\"fields\": [\"Venta cerrada\"]}}]"}}, {"model": "admin.logentry", "pk": 39, "fields": {"action_time": "2020-05-18T23:54:25.865Z", "user": 1, "content_type": 11, "object_id": "18", "object_repr": "N\u00ba [18] - 2020-05-17 17:32:17+00:00", "action_flag": 2, "change_message": "[{\"changed\": {\"fields\": [\"Venta cerrada\"]}}]"}}, {"model": "admin.logentry", "pk": 40, "fields": {"action_time": "2020-05-18T23:57:32.922Z", "user": 1, "content_type": 11, "object_id": "21", "object_repr": "N\u00ba [21] - 2020-05-18 23:36:33+00:00", "action_flag": 2, "change_message": "[{\"changed\": {\"fields\": [\"Venta cerrada\"]}}]"}}, {"model": "admin.logentry", "pk": 41, "fields": {"action_time": "2020-05-18T23:57:36.091Z", "user": 1, "content_type": 11, "object_id": "20", "object_repr": "N\u00ba [20] - 2020-05-17 17:32:51+00:00", "action_flag": 2, "change_message": "[{\"changed\": {\"fields\": [\"Venta cerrada\"]}}]"}}, {"model": "admin.logentry", "pk": 42, "fields": {"action_time": "2020-05-18T23:57:40.691Z", "user": 1, "content_type": 11, "object_id": "19", "object_repr": "N\u00ba [19] - 2020-05-17 17:32:28+00:00", "action_flag": 2, "change_message": "[{\"changed\": {\"fields\": [\"Venta cerrada\"]}}]"}}, {"model": "admin.logentry", "pk": 43, "fields": {"action_time": "2020-05-18T23:58:53.137Z", "user": 1, "content_type": 11, "object_id": "19", "object_repr": "N\u00ba [19] - 2020-05-17 17:32:28+00:00", "action_flag": 2, "change_message": "[{\"changed\": {\"fields\": [\"Venta cerrada\"]}}]"}}, {"model": "admin.logentry", "pk": 44, "fields": {"action_time": "2020-05-18T23:58:58.571Z", "user": 1, "content_type": 11, "object_id": "21", "object_repr": "N\u00ba [21] - 2020-05-18 23:36:33+00:00", "action_flag": 2, "change_message": "[{\"changed\": {\"fields\": [\"Venta cerrada\"]}}]"}}, {"model": "admin.logentry", "pk": 45, "fields": {"action_time": "2020-05-18T23:59:01.888Z", "user": 1, "content_type": 11, "object_id": "20", "object_repr": "N\u00ba [20] - 2020-05-17 17:32:51+00:00", "action_flag": 2, "change_message": "[{\"changed\": {\"fields\": [\"Venta cerrada\"]}}]"}}, {"model": "admin.logentry", "pk": 46, "fields": {"action_time": "2020-05-19T00:00:59.820Z", "user": 1, "content_type": 11, "object_id": "21", "object_repr": "N\u00ba [21] - 2020-05-18 23:36:33+00:00", "action_flag": 2, "change_message": "[{\"changed\": {\"fields\": [\"Venta cerrada\"]}}]"}}, {"model": "admin.logentry", "pk": 47, "fields": {"action_time": "2020-05-19T00:01:03.236Z", "user": 1, "content_type": 11, "object_id": "20", "object_repr": "N\u00ba [20] - 2020-05-17 17:32:51+00:00", "action_flag": 2, "change_message": "[{\"changed\": {\"fields\": [\"Venta cerrada\"]}}]"}}, {"model": "admin.logentry", "pk": 48, "fields": {"action_time": "2020-05-19T00:01:07.126Z", "user": 1, "content_type": 11, "object_id": "19", "object_repr": "N\u00ba [19] - 2020-05-17 17:32:28+00:00", "action_flag": 2, "change_message": "[{\"changed\": {\"fields\": [\"Venta cerrada\"]}}]"}}, {"model": "admin.logentry", "pk": 49, "fields": {"action_time": "2020-05-19T00:01:10.766Z", "user": 1, "content_type": 11, "object_id": "18", "object_repr": "N\u00ba [18] - 2020-05-17 17:32:17+00:00", "action_flag": 2, "change_message": "[{\"changed\": {\"fields\": [\"Venta cerrada\"]}}]"}}, {"model": "admin.logentry", "pk": 50, "fields": {"action_time": "2020-05-19T00:02:37.782Z", "user": 1, "content_type": 11, "object_id": "21", "object_repr": "N\u00ba [21] - 2020-05-18 23:36:33+00:00", "action_flag": 2, "change_message": "[{\"changed\": {\"fields\": [\"Venta cerrada\"]}}]"}}, {"model": "admin.logentry", "pk": 51, "fields": {"action_time": "2020-05-19T00:02:41.093Z", "user": 1, "content_type": 11, "object_id": "20", "object_repr": "N\u00ba [20] - 2020-05-17 17:32:51+00:00", "action_flag": 2, "change_message": "[{\"changed\": {\"fields\": [\"Venta cerrada\"]}}]"}}, {"model": "admin.logentry", "pk": 52, "fields": {"action_time": "2020-05-19T00:02:45.032Z", "user": 1, "content_type": 11, "object_id": "19", "object_repr": "N\u00ba [19] - 2020-05-17 17:32:28+00:00", "action_flag": 2, "change_message": "[{\"changed\": {\"fields\": [\"Venta cerrada\"]}}]"}}, {"model": "admin.logentry", "pk": 53, "fields": {"action_time": "2020-05-21T16:30:21.829Z", "user": 1, "content_type": 11, "object_id": "16", "object_repr": "N\u00ba [16] - 2020-01-01 23:27:48+00:00", "action_flag": 2, "change_message": "[{\"changed\": {\"fields\": [\"Fecha de Venta\"]}}]"}}, {"model": "admin.logentry", "pk": 54, "fields": {"action_time": "2020-05-21T16:30:27.785Z", "user": 1, "content_type": 11, "object_id": "17", "object_repr": "N\u00ba [17] - 2020-01-17 17:32:07+00:00", "action_flag": 2, "change_message": "[{\"changed\": {\"fields\": [\"Fecha de Venta\"]}}]"}}, {"model": "admin.logentry", "pk": 55, "fields": {"action_time": "2020-05-21T16:30:45.911Z", "user": 1, "content_type": 11, "object_id": "18", "object_repr": "N\u00ba [18] - 2020-02-17 17:32:17+00:00", "action_flag": 2, "change_message": "[{\"changed\": {\"fields\": [\"Fecha de Venta\"]}}]"}}, {"model": "admin.logentry", "pk": 56, "fields": {"action_time": "2020-05-21T16:30:50.163Z", "user": 1, "content_type": 11, "object_id": "19", "object_repr": "N\u00ba [19] - 2020-02-17 17:32:28+00:00", "action_flag": 2, "change_message": "[{\"changed\": {\"fields\": [\"Fecha de Venta\"]}}]"}}, {"model": "admin.logentry", "pk": 57, "fields": {"action_time": "2020-05-21T16:30:54.449Z", "user": 1, "content_type": 11, "object_id": "20", "object_repr": "N\u00ba [20] - 2020-02-17 17:32:51+00:00", "action_flag": 2, "change_message": "[{\"changed\": {\"fields\": [\"Fecha de Venta\"]}}]"}}, {"model": "admin.logentry", "pk": 58, "fields": {"action_time": "2020-05-21T16:31:07.378Z", "user": 1, "content_type": 11, "object_id": "21", "object_repr": "N\u00ba [21] - 2020-03-18 23:36:33+00:00", "action_flag": 2, "change_message": "[{\"changed\": {\"fields\": [\"Fecha de Venta\"]}}]"}}, {"model": "admin.logentry", "pk": 59, "fields": {"action_time": "2020-05-21T16:31:12.702Z", "user": 1, "content_type": 11, "object_id": "22", "object_repr": "N\u00ba [22] - 2020-03-19 17:59:21+00:00", "action_flag": 2, "change_message": "[{\"changed\": {\"fields\": [\"Fecha de Venta\"]}}]"}}, {"model": "admin.logentry", "pk": 60, "fields": {"action_time": "2020-05-21T16:31:17.571Z", "user": 1, "content_type": 11, "object_id": "23", "object_repr": "N\u00ba [23] - 2020-03-21 15:16:12+00:00", "action_flag": 2, "change_message": "[{\"changed\": {\"fields\": [\"Fecha de Venta\"]}}]"}}, {"model": "admin.logentry", "pk": 61, "fields": {"action_time": "2020-05-21T16:31:28.855Z", "user": 1, "content_type": 11, "object_id": "24", "object_repr": "N\u00ba [24] - 2020-04-21 15:16:54+00:00", "action_flag": 2, "change_message": "[{\"changed\": {\"fields\": [\"Fecha de Venta\"]}}]"}}, {"model": "admin.logentry", "pk": 62, "fields": {"action_time": "2020-05-21T16:31:44.200Z", "user": 1, "content_type": 11, "object_id": "25", "object_repr": "N\u00ba [25] - 2020-04-16 15:17:16+00:00", "action_flag": 2, "change_message": "[{\"changed\": {\"fields\": [\"Fecha de Venta\"]}}]"}}]